-- phpMyAdmin SQL Dump
-- version 5.2.1
-- https://www.phpmyadmin.net/
--
-- Host: 127.0.0.1
-- Generation Time: Oct 23, 2023 at 09:48 AM
-- Server version: 10.4.28-MariaDB
-- PHP Version: 8.2.4

SET SQL_MODE = "NO_AUTO_VALUE_ON_ZERO";
START TRANSACTION;
SET time_zone = "+00:00";


/*!40101 SET @OLD_CHARACTER_SET_CLIENT=@@CHARACTER_SET_CLIENT */;
/*!40101 SET @OLD_CHARACTER_SET_RESULTS=@@CHARACTER_SET_RESULTS */;
/*!40101 SET @OLD_COLLATION_CONNECTION=@@COLLATION_CONNECTION */;
/*!40101 SET NAMES utf8mb4 */;

--
-- Database: `desis`
--

-- --------------------------------------------------------

--
-- Table structure for table `candidato`
--

CREATE TABLE `candidato` (
  `ID_Candidato` int(11) NOT NULL,
  `Nombre` varchar(255) NOT NULL,
  `ID_Comuna` int(11) DEFAULT NULL
) ENGINE=InnoDB DEFAULT CHARSET=utf8mb4 COLLATE=utf8mb4_general_ci;

--
-- Dumping data for table `candidato`
--

INSERT INTO `candidato` (`ID_Candidato`, `Nombre`, `ID_Comuna`) VALUES
(1, 'Ana Mendoza', 1),
(2, 'Juan Torres', 1),
(3, 'María González', 2),
(4, 'Carlos Ramírez', 2),
(5, 'Laura Rodríguez', 3),
(6, 'Andrés Pérez', 3),
(7, 'Luisa Silva', 4),
(8, 'Martín López', 4),
(9, 'Fernanda Castillo', 5),
(10, 'Roberto Soto', 5),
(11, 'Marcela Flores', 6),
(12, 'Javier Torres', 6),
(13, 'Isabel Araya', 7),
(14, 'Ricardo Valdés', 7),
(15, 'Carolina Morales', 8),
(16, 'Martín Guzmán', 8),
(17, 'Paula Salinas', 9),
(18, 'Sebastián Sandoval', 9),
(19, 'Natalia Vega', 10),
(20, 'Francisco Díaz', 10),
(21, 'Valentina Torres', 11),
(22, 'Gonzalo Méndez', 11),
(23, 'Alejandro Rojas', 12),
(24, 'Camila Mendoza', 12),
(25, 'Eduardo Silva', 13),
(26, 'Isabella González', 13),
(27, 'Rodrigo Herrera', 14),
(28, 'Gabriela Pérez', 14),
(29, 'Francisca Soto', 15),
(30, 'Sebastián Valdés', 15),
(31, 'Vanessa Tapia', 16),
(32, 'Héctor Mora', 16),
(33, 'Javiera Rodríguez', 17),
(34, 'Felipe Castro', 17),
(35, 'Martina Gutiérrez', 18),
(36, 'Ricardo Sánchez', 18),
(37, 'Lorena Álvarez', 19),
(38, 'José Flores', 19),
(39, 'Catalina Muñoz', 20),
(40, 'Matías Bravo', 20),
(41, 'Camilo Gómez', 21),
(42, 'Valeria Herrera', 21),
(43, 'Miguel Soto', 22),
(44, 'Florencia Torres', 22),
(45, 'Rodrigo Valenzuela', 23),
(46, 'Constanza Méndez', 23),
(47, 'Sofía Muñoz', 24),
(48, 'Sebastián Silva', 24),
(49, 'Ana Belén Ramírez', 25),
(50, 'Andrés Morales', 25),
(51, 'Lucía Pérez', 26),
(52, 'Martín González', 26),
(53, 'Isidora Fernández', 27),
(54, 'Felipe Ramírez', 27),
(55, 'Catalina Rojas', 28),
(56, 'Gabriel Mendoza', 28),
(57, 'Carolina Sánchez', 29),
(58, 'Felipe Díaz', 29),
(59, 'Valentina Castillo', 30),
(60, 'Sebastián Gómez', 30),
(61, 'Daniela Flores', 31),
(62, 'Javier Rodríguez', 31),
(63, 'Catalina Soto', 32),
(64, 'Felipe Valdés', 32),
(65, 'Constanza Ramírez', 33),
(66, 'Juan Torres', 33),
(67, 'Camila Mendoza', 34),
(68, 'Martín Silva', 34),
(69, 'Sofía González', 35),
(70, 'Andrés Soto', 35),
(71, 'Valeria Pérez', 36),
(72, 'Francisco Morales', 36),
(73, 'Lucía Valenzuela', 37),
(74, 'Martín Torres', 37),
(75, 'Isidora Fernández', 38),
(76, 'Felipe Ramírez', 38),
(77, 'Catalina Rojas', 39),
(78, 'Gabriel Mendoza', 39),
(79, 'Carolina Sánchez', 40),
(80, 'Felipe Díaz', 40),
(81, 'Antonia Gutiérrez', 41),
(82, 'Joaquín Silva', 41),
(83, 'Rocío Torres', 42),
(84, 'Ignacio Valdés', 42),
(85, 'María Gómez', 43),
(86, 'Pedro Ramírez', 43),
(87, 'Isabella González', 44),
(88, 'Sebastián Soto', 44),
(89, 'Valentina Castillo', 45),
(90, 'Sebastián Gómez', 45),
(91, 'Daniela Flores', 46),
(92, 'Javier Rodríguez', 46),
(93, 'Catalina Soto', 47),
(94, 'Felipe Valdés', 47),
(95, 'Constanza Ramírez', 48),
(96, 'Juan Torres', 48),
(97, 'Camila Mendoza', 49),
(98, 'Martín Silva', 49),
(99, 'Sofía González', 50),
(100, 'Andrés Soto', 50),
(101, 'Valeria Pérez', 51),
(102, 'Francisco Morales', 51),
(103, 'Lucía Valenzuela', 52),
(104, 'Martín Torres', 52),
(105, 'Isidora Fernández', 53),
(106, 'Felipe Ramírez', 53),
(107, 'Catalina Rojas', 54),
(108, 'Gabriel Mendoza', 54),
(109, 'Carolina Sánchez', 55),
(110, 'Felipe Díaz', 55),
(111, 'Antonia Gutiérrez', 56),
(112, 'Joaquín Silva', 56),
(113, 'Rocío Torres', 57),
(114, 'Ignacio Valdés', 57),
(115, 'María Gómez', 58),
(116, 'Pedro Ramírez', 58),
(117, 'Isabella González', 59),
(118, 'Sebastián Soto', 59),
(119, 'Valentina Castillo', 60),
(120, 'Sebastián Gómez', 60),
(121, 'Daniela Flores', 61),
(122, 'Javier Rodríguez', 61),
(123, 'Catalina Soto', 62),
(124, 'Felipe Valdés', 62),
(125, 'Constanza Ramírez', 63),
(126, 'Juan Torres', 63),
(127, 'Camila Mendoza', 64),
(128, 'Martín Silva', 64),
(129, 'Sofía González', 65),
(130, 'Andrés Soto', 65),
(131, 'Valeria Pérez', 66),
(132, 'Francisco Morales', 66),
(133, 'Lucía Valenzuela', 67),
(134, 'Martín Torres', 67),
(135, 'Isidora Fernández', 68),
(136, 'Felipe Ramírez', 68),
(137, 'Catalina Rojas', 69),
(138, 'Gabriel Mendoza', 69),
(139, 'Carolina Sánchez', 70),
(140, 'Felipe Díaz', 70),
(141, 'Antonia Gutiérrez', 71),
(142, 'Joaquín Silva', 71),
(143, 'Rocío Torres', 72),
(144, 'Ignacio Valdés', 72),
(145, 'María Gómez', 73),
(146, 'Pedro Ramírez', 73),
(147, 'Isabella González', 74),
(148, 'Sebastián Soto', 74),
(149, 'Valentina Castillo', 75),
(150, 'Sebastián Gómez', 75),
(151, 'Daniela Flores', 76),
(152, 'Javier Rodríguez', 76),
(153, 'Catalina Soto', 77),
(154, 'Felipe Valdés', 77),
(155, 'Constanza Ramírez', 78),
(156, 'Juan Torres', 78),
(157, 'Camila Mendoza', 79),
(158, 'Martín Silva', 79),
(159, 'Sofía González', 80),
(160, 'Andrés Soto', 80),
(161, 'Valeria Pérez', 81),
(162, 'Francisco Morales', 81),
(163, 'Lucía Valenzuela', 82),
(164, 'Martín Torres', 82),
(165, 'María Fernández', 83),
(166, 'Juan González', 83),
(167, 'Andrea Soto', 84),
(168, 'Felipe Torres', 84),
(169, 'Camilo Mendoza', 85),
(170, 'Valentina Silva', 85),
(171, 'Javier Ramírez', 86),
(172, 'Isabel Pérez', 86),
(173, 'Martín Gutiérrez', 87),
(174, 'Carolina Valdés', 87),
(175, 'Sebastián Soto', 88),
(176, 'Daniela Flores', 88),
(177, 'Felipe Díaz', 89),
(178, 'Constanza Ramírez', 89),
(179, 'Ignacio Valdés', 90),
(180, 'Sofía González', 90),
(181, 'Juan Torres', 91),
(182, 'Valentina Castillo', 91),
(183, 'Gabriel Mendoza', 92),
(184, 'Catalina Soto', 92),
(185, 'Francisco Morales', 93),
(186, 'Isabella González', 93),
(187, 'Martín Silva', 94),
(188, 'Carolina Sánchez', 94),
(189, 'Felipe Valdés', 95),
(190, 'Constanza Ramírez', 95),
(191, 'Joaquín Silva', 96),
(192, 'Antonia Gutiérrez', 96),
(193, 'Pedro Ramírez', 97),
(194, 'Isabella González', 97),
(195, 'Sebastián Gómez', 98),
(196, 'Daniela Flores', 98),
(197, 'Javier Rodríguez', 99),
(198, 'Valentina Silva', 99),
(199, 'Juan González', 100),
(200, 'María Fernández', 100),
(201, 'Felipe Torres', 101),
(202, 'Andrea Soto', 101),
(203, 'Valentina Castillo', 102),
(204, 'Sofía González', 102),
(205, 'Gabriel Mendoza', 103),
(206, 'Catalina Soto', 103),
(207, 'Ignacio Valdés', 104),
(208, 'Sebastián Soto', 104),
(209, 'Constanza Ramírez', 105),
(210, 'Felipe Díaz', 105),
(211, 'Isabella González', 106),
(212, 'Pedro Ramírez', 106),
(213, 'Martín Silva', 107),
(214, 'Carolina Sánchez', 107),
(215, 'Sebastián Gómez', 108),
(216, 'Daniela Flores', 108),
(217, 'Joaquín Silva', 109),
(218, 'Antonia Gutiérrez', 109),
(219, 'Andrea Soto', 110),
(220, 'Felipe Torres', 110),
(221, 'María Fernández', 111),
(222, 'Juan González', 111),
(223, 'Camilo Mendoza', 112),
(224, 'Valentina Silva', 112),
(225, 'Sofía González', 113),
(226, 'Daniela Flores', 113),
(227, 'Felipe Díaz', 114),
(228, 'Constanza Ramírez', 114),
(229, 'Juan Torres', 115),
(230, 'Isabella González', 115),
(231, 'Sebastián Gómez', 116),
(232, 'Daniela Flores', 116),
(233, 'Martín Silva', 117),
(234, 'Carolina Sánchez', 117),
(235, 'Juan Torres', 118),
(236, 'Isabella González', 118),
(237, 'Joaquín Silva', 119),
(238, 'Antonia Gutiérrez', 119),
(239, 'Andrea Soto', 120),
(240, 'Felipe Torres', 120),
(241, 'Ignacio Valdés', 121),
(242, 'Sofía González', 121),
(243, 'Gabriel Mendoza', 122),
(244, 'Catalina Soto', 122),
(245, 'Francisco Morales', 123),
(246, 'Isabella González', 123),
(247, 'Pedro Ramírez', 124),
(248, 'Constanza Ramírez', 124),
(249, 'Javier Rodríguez', 125),
(250, 'Valentina Silva', 125),
(251, 'Juan González', 126),
(252, 'María Fernández', 126),
(253, 'Felipe Torres', 127),
(254, 'Constanza Ramírez', 127),
(255, 'Joaquín Silva', 128),
(256, 'Antonia Gutiérrez', 128),
(257, 'Sebastián Soto', 129),
(258, 'Daniela Flores', 129),
(259, 'Martín Silva', 130),
(260, 'Carolina Sánchez', 130),
(261, 'Juan Torres', 131),
(262, 'Isabella González', 131),
(263, 'Andrea Soto', 132),
(264, 'Felipe Torres', 132),
(265, 'Ignacio Valdés', 133),
(266, 'Sofía González', 133),
(267, 'Gabriel Mendoza', 134),
(268, 'Catalina Soto', 134),
(269, 'Francisco Morales', 135),
(270, 'Isabella González', 135),
(271, 'Pedro Ramírez', 136),
(272, 'Constanza Ramírez', 136),
(273, 'Javier Rodríguez', 137),
(274, 'Valentina Silva', 137),
(275, 'Juan González', 138),
(276, 'María Fernández', 138),
(277, 'Felipe Torres', 139),
(278, 'Constanza Ramírez', 139),
(279, 'Joaquín Silva', 140),
(280, 'Antonia Gutiérrez', 140),
(281, 'Sebastián Soto', 141),
(282, 'Daniela Flores', 141),
(283, 'Martín Silva', 142),
(284, 'Carolina Sánchez', 142),
(285, 'Juan Torres', 143),
(286, 'Isabella González', 143),
(287, 'Andrea Soto', 144),
(288, 'Felipe Torres', 144),
(289, 'Ignacio Valdés', 145),
(290, 'Sofía González', 145),
(291, 'Juan Torres', 146),
(292, 'Isabella González', 146),
(293, 'Ignacio Valdés', 147),
(294, 'Sofía González', 147),
(295, 'Gabriel Mendoza', 148),
(296, 'Catalina Soto', 148),
(297, 'Francisco Morales', 149),
(298, 'Isabella González', 149),
(299, 'Joaquín Silva', 150),
(300, 'Antonia Gutiérrez', 150),
(301, 'Pedro Ramírez', 151),
(302, 'Constanza Ramírez', 151),
(303, 'Sebastián Soto', 152),
(304, 'Daniela Flores', 152),
(305, 'Martín Silva', 153),
(306, 'Carolina Sánchez', 153),
(307, 'Juan Torres', 154),
(308, 'Isabella González', 154),
(309, 'Ignacio Valdés', 155),
(310, 'Sofía González', 155),
(311, 'Gabriel Mendoza', 156),
(312, 'Catalina Soto', 156),
(313, 'Francisco Morales', 157),
(314, 'Isabella González', 157),
(315, 'Joaquín Silva', 158),
(316, 'Antonia Gutiérrez', 158),
(317, 'Pedro Ramírez', 159),
(318, 'Valentina González', 159),
(319, 'Isidora Moya', 160),
(320, 'Felipe Castro', 160),
(321, 'Constanza Soto', 161),
(322, 'Juan Pérez', 161),
(323, 'Laura Rodríguez', 162),
(324, 'Pedro Ramírez', 162),
(325, 'Francisca Díaz', 163),
(326, 'Matías Valenzuela', 163),
(327, 'Daniela Torres', 164),
(328, 'Cristián Morales', 164),
(329, 'Valeria Sánchez', 165),
(330, 'Joaquín Salazar', 165),
(331, 'Isabella Torres', 166),
(332, 'Felipe Muñoz', 166),
(333, 'Juan Torres', 167),
(334, 'Isabella González', 167),
(335, 'Ignacio Valdés', 168),
(336, 'Sofía González', 168),
(337, 'Gabriel Mendoza', 169),
(338, 'Catalina Soto', 169),
(339, 'Francisco Morales', 170),
(340, 'Isabella González', 170),
(341, 'Joaquín Silva', 171),
(342, 'Antonia Gutiérrez', 171),
(343, 'Pedro Ramírez', 172),
(344, 'Constanza Ramírez', 172),
(345, 'Sebastián Soto', 173),
(346, 'Daniela Flores', 173),
(347, 'Martín Silva', 174),
(348, 'Carolina Sánchez', 174),
(349, 'Juan Torres', 175),
(350, 'Isabella González', 175),
(351, 'Ignacio Valdés', 176),
(352, 'Sofía González', 176),
(353, 'Gabriel Mendoza', 177),
(354, 'Catalina Soto', 177),
(355, 'Francisco Morales', 178),
(356, 'Isabella González', 178),
(357, 'Joaquín Silva', 179),
(358, 'Antonia Gutiérrez', 179),
(359, 'Pedro Ramírez', 180),
(360, 'Constanza Ramírez', 180),
(361, 'Sebastián Soto', 181),
(362, 'Daniela Flores', 181),
(363, 'Martín Silva', 182),
(364, 'Carolina Sánchez', 182),
(365, 'Juan Torres', 183),
(366, 'Isabella González', 183),
(367, 'Ignacio Valdés', 184),
(368, 'Sofía González', 184),
(369, 'Gabriel Mendoza', 185),
(370, 'Catalina Soto', 185),
(371, 'Francisco Morales', 186),
(372, 'Isabella González', 186),
(373, 'Joaquín Silva', 187),
(374, 'Antonia Gutiérrez', 187),
(375, 'Pedro Ramírez', 188),
(376, 'Constanza Ramírez', 188),
(377, 'Sebastián Soto', 189),
(378, 'Daniela Flores', 189),
(379, 'Martín Silva', 190),
(380, 'Carolina Sánchez', 190),
(381, 'Juan Torres', 191),
(382, 'Isabella González', 191),
(383, 'Ignacio Valdés', 192),
(384, 'Sofía González', 192),
(385, 'Gabriel Mendoza', 193),
(386, 'Catalina Soto', 193),
(387, 'Francisco Morales', 194),
(388, 'Isabella González', 194),
(389, 'Joaquín Silva', 195),
(390, 'Antonia Gutiérrez', 195),
(391, 'Pedro Ramírez', 196),
(392, 'Constanza Ramírez', 196),
(393, 'Sebastián Soto', 197),
(394, 'Daniela Flores', 197),
(395, 'Martín Silva', 198),
(396, 'Carolina Sánchez', 198),
(397, 'Juan Torres', 199),
(398, 'Isabella González', 199),
(399, 'Gabriel Torres', 200),
(400, 'Isabel Soto', 200),
(401, 'Pedro Valdés', 201),
(402, 'Camila González', 201),
(403, 'Martín Ramírez', 202),
(404, 'Florencia Sánchez', 202),
(405, 'Juan Pérez', 203),
(406, 'Daniela Flores', 203),
(407, 'Sebastián Mendoza', 204),
(408, 'Constanza González', 204),
(409, 'Ignacio Silva', 205),
(410, 'Sofía Ramírez', 205),
(411, 'Francisco Torres', 206),
(412, 'Isabella Gutiérrez', 206),
(413, 'Joaquín Valdés', 207),
(414, 'Antonia Pérez', 207),
(415, 'Pedro González', 208),
(416, 'Isabel Ramírez', 208),
(417, 'Juan Torres', 209),
(418, 'Constanza González', 209),
(419, 'Ignacio Silva', 210),
(420, 'Sofía Ramírez', 210),
(421, 'Francisco Torres', 211),
(422, 'Isabella Gutiérrez', 211),
(423, 'Joaquín Valdés', 212),
(424, 'Antonia Pérez', 212),
(425, 'Pedro González', 213),
(426, 'Isabel Ramírez', 213),
(427, 'Juan Pérez', 214),
(428, 'Daniela Flores', 214),
(429, 'Sebastián Mendoza', 215),
(430, 'Constanza González', 215),
(431, 'Ignacio Silva', 216),
(432, 'Sofía Ramírez', 216),
(433, 'Francisco Torres', 217),
(434, 'Isabella Gutiérrez', 217),
(435, 'Joaquín Valdés', 218),
(436, 'Antonia Pérez', 218),
(437, 'Pedro González', 219),
(438, 'Isabel Ramírez', 219),
(439, 'Juan Pérez', 220),
(440, 'Daniela Flores', 220),
(441, 'Sebastián Mendoza', 221),
(442, 'Constanza González', 221),
(443, 'Ignacio Silva', 222),
(444, 'Sofía Ramírez', 222),
(445, 'Francisco Torres', 223),
(446, 'Isabella Gutiérrez', 223),
(447, 'Joaquín Valdés', 224),
(448, 'Antonia Pérez', 224),
(449, 'Pedro González', 225),
(450, 'Isabel Ramírez', 225),
(451, 'Juan Pérez', 226),
(452, 'Daniela Flores', 226),
(453, 'Sebastián Mendoza', 227),
(454, 'Constanza González', 227),
(455, 'Ignacio Silva', 228),
(456, 'Sofía Ramírez', 228),
(457, 'Francisco Torres', 229),
(458, 'Isabella Gutiérrez', 229),
(459, 'Joaquín Valdés', 230),
(460, 'Antonia Pérez', 230),
(461, 'Pedro González', 231),
(462, 'Isabel Ramírez', 231),
(463, 'Martina Valdez', 232),
(464, 'Sebastián Moya', 232),
(465, 'Andrea Soto', 233),
(466, 'Javier Rodríguez', 233),
(467, 'Florencia Torres', 234),
(468, 'Miguel Sánchez', 234),
(469, 'Isabella Gutiérrez', 235),
(470, 'Diego López', 235),
(471, 'Constanza González', 236),
(472, 'Francisco Torres', 236),
(473, 'Joaquín Valdés', 237),
(474, 'Antonia Pérez', 237),
(475, 'Pedro González', 238),
(476, 'Isabel Ramírez', 238),
(477, 'Juan Pérez', 239),
(478, 'Daniela Flores', 239),
(479, 'Ignacio Silva', 240),
(480, 'Sofía Ramírez', 240),
(481, 'Francisco Torres', 241),
(482, 'Isabella Gutiérrez', 241),
(483, 'Joaquín Valdés', 242),
(484, 'Antonia Pérez', 242),
(485, 'Pedro González', 243),
(486, 'Isabel Ramírez', 243),
(487, 'Martina Valdez', 244),
(488, 'Sebastián Moya', 244),
(489, 'Andrea Soto', 245),
(490, 'Javier Rodríguez', 245),
(491, 'Florencia Torres', 246),
(492, 'Miguel Sánchez', 246),
(493, 'Isabella Gutiérrez', 247),
(494, 'Diego López', 247),
(495, 'Constanza González', 248),
(496, 'Francisco Torres', 248),
(497, 'Joaquín Valdés', 249),
(498, 'Antonia Pérez', 249),
(499, 'Pedro González', 250),
(500, 'Isabel Ramírez', 250),
(501, 'Juan Pérez', 251),
(502, 'Daniela Flores', 251),
(503, 'Ignacio Silva', 252),
(504, 'Sofía Ramírez', 252),
(505, 'Francisco Torres', 253),
(506, 'Isabella Gutiérrez', 253),
(507, 'Joaquín Valdés', 254),
(508, 'Antonia Pérez', 254),
(509, 'Pedro González', 255),
(510, 'Isabel Ramírez', 255),
(511, 'Martina Valdez', 256),
(512, 'Sebastián Moya', 256),
(513, 'Andrea Soto', 257),
(514, 'Javier Rodríguez', 257),
(515, 'Florencia Torres', 258),
(516, 'Miguel Sánchez', 258),
(517, 'Isabella Gutiérrez', 259),
(518, 'Diego López', 259),
(519, 'Constanza González', 260),
(520, 'Francisco Torres', 260),
(521, 'Joaquín Valdés', 261),
(522, 'Antonia Pérez', 261),
(523, 'Pedro González', 262),
(524, 'Isabel Ramírez', 262),
(525, 'Ignacio Silva', 263),
(526, 'Sofía Ramírez', 263),
(527, 'Francisco Torres', 264),
(528, 'Isabella Gutiérrez', 264),
(529, 'Joaquín Valdés', 265),
(530, 'Antonia Pérez', 265),
(531, 'Pedro González', 266),
(532, 'Isabel Ramírez', 266),
(533, 'Martina Valdez', 267),
(534, 'Sebastián Moya', 267),
(535, 'Andrea Soto', 268),
(536, 'Javier Rodríguez', 268),
(537, 'Florencia Torres', 269),
(538, 'Miguel Sánchez', 269),
(539, 'Isabella Gutiérrez', 270),
(540, 'Diego López', 270),
(541, 'Constanza González', 271),
(542, 'Francisco Torres', 271),
(543, 'Joaquín Valdés', 272),
(544, 'Antonia Pérez', 272),
(545, 'Pedro González', 273),
(546, 'Isabel Ramírez', 273),
(547, 'Martina Valdez', 274),
(548, 'Sebastián Moya', 274),
(549, 'Andrea Soto', 275),
(550, 'Javier Rodríguez', 275),
(551, 'Florencia Torres', 276),
(552, 'Miguel Sánchez', 276),
(553, 'Isabella Gutiérrez', 277),
(554, 'Diego López', 277),
(555, 'Constanza González', 278),
(556, 'Francisco Torres', 278),
(557, 'Joaquín Valdés', 279),
(558, 'Antonia Pérez', 279),
(559, 'Pedro González', 280),
(560, 'Isabel Ramírez', 280),
(561, 'Ignacio Silva', 281),
(562, 'Sofía Ramírez', 281),
(563, 'Francisco Torres', 282),
(564, 'Isabella Gutiérrez', 282),
(565, 'Joaquín Valdés', 283),
(566, 'Antonia Pérez', 283),
(567, 'Martina Valdez', 284),
(568, 'Sebastián Moya', 284),
(569, 'Andrea Soto', 285),
(570, 'Javier Rodríguez', 285),
(571, 'Florencia Torres', 286),
(572, 'Miguel Sánchez', 286),
(573, 'Isabella Gutiérrez', 287),
(574, 'Diego López', 287),
(575, 'Constanza González', 288),
(576, 'Francisco Torres', 288),
(577, 'Joaquín Valdés', 289),
(578, 'Antonia Pérez', 289),
(579, 'Pedro González', 290),
(580, 'Isabel Ramírez', 290),
(581, 'Ignacio Silva', 291),
(582, 'Sofía Ramírez', 291),
(583, 'Francisco Torres', 292),
(584, 'Isabella Gutiérrez', 292),
(585, 'Joaquín Valdés', 293),
(586, 'Antonia Pérez', 293),
(587, 'Constanza González', 294),
(588, 'Francisco Torres', 294),
(589, 'Martina Valdez', 295),
(590, 'Sebastián Moya', 295),
(591, 'Andrea Soto', 296),
(592, 'Javier Rodríguez', 296),
(593, 'Florencia Torres', 297),
(594, 'Miguel Sánchez', 297),
(595, 'Isabella Gutiérrez', 298),
(596, 'Diego López', 298),
(597, 'Constanza González', 299),
(598, 'Francisco Torres', 299),
(599, 'Joaquín Valdés', 300),
(600, 'Antonia Pérez', 300),
(601, 'Pedro González', 301),
(602, 'Isabel Ramírez', 301),
(603, 'Ignacio Silva', 302),
(604, 'Sofía Ramírez', 302),
(605, 'Francisco Torres', 303),
(606, 'Isabella Gutiérrez', 303),
(607, 'Joaquín Valdés', 304),
(608, 'Antonia Pérez', 304),
(609, 'Constanza González', 305),
(610, 'Francisco Torres', 305),
(611, 'Martina Valdez', 306),
(612, 'Sebastián Moya', 306),
(613, 'Andrea Soto', 307),
(614, 'Javier Rodríguez', 307),
(615, 'Florencia Torres', 308),
(616, 'Miguel Sánchez', 308),
(617, 'Isabella Gutiérrez', 309),
(618, 'Diego López', 309),
(619, 'Constanza González', 310),
(620, 'Francisco Torres', 310),
(621, 'Joaquín Valdés', 311),
(622, 'Antonia Pérez', 311),
(623, 'Pedro González', 312),
(624, 'Isabel Ramírez', 312),
(625, 'Ignacio Silva', 313),
(626, 'Sofía Ramírez', 313),
(627, 'Francisco Torres', 314),
(628, 'Isabella Gutiérrez', 314),
(629, 'Joaquín Valdés', 315),
(630, 'Antonia Pérez', 315),
(631, 'Constanza González', 316),
(632, 'Francisco Torres', 316),
(633, 'Martina Valdez', 317),
(634, 'Sebastián Moya', 317),
(635, 'Andrea Soto', 318),
(636, 'Javier Rodríguez', 318),
(637, 'Florencia Torres', 319),
(638, 'Miguel Sánchez', 319),
(639, 'Isabella Gutiérrez', 320),
(640, 'Diego López', 320),
(641, 'Constanza González', 321),
(642, 'Francisco Torres', 321),
(643, 'Joaquín Valdés', 322),
(644, 'Antonia Pérez', 322),
(645, 'Pedro González', 323),
(646, 'Isabel Ramírez', 323),
(647, 'Ignacio Silva', 324),
(648, 'Sofía Ramírez', 324),
(649, 'Francisco Torres', 325),
(650, 'Isabella Gutiérrez', 325),
(651, 'Joaquín Valdés', 326),
(652, 'Antonia Pérez', 326),
(653, 'Constanza González', 327),
(654, 'Francisco Torres', 327),
(655, 'Martina Valdez', 328),
(656, 'Sebastián Moya', 328),
(657, 'Andrea Soto', 329),
(658, 'Javier Rodríguez', 329),
(659, 'Florencia Torres', 330),
(660, 'Miguel Sánchez', 330),
(661, 'Isabella Gutiérrez', 331),
(662, 'Diego López', 331),
(663, 'Constanza González', 332),
(664, 'Francisco Torres', 332),
(665, 'Joaquín Valdés', 333),
(666, 'Antonia Pérez', 333),
(667, 'Pedro González', 334),
(668, 'Isabel Ramírez', 334),
(669, 'Ignacio Silva', 335),
(670, 'Sofía Ramírez', 335),
(671, 'Francisco Torres', 336),
(672, 'Isabella Gutiérrez', 336),
(673, 'Joaquín Valdés', 337),
(674, 'Antonia Pérez', 337),
(675, 'Constanza González', 338),
(676, 'Francisco Torres', 338),
(677, 'Martina Valdez', 339),
(678, 'Sebastián Moya', 339),
(679, 'Andrea Soto', 340),
(680, 'Javier Rodríguez', 340),
(681, 'Florencia Torres', 341),
(682, 'Miguel Sánchez', 341),
(683, 'Isabella Gutiérrez', 342),
(684, 'Diego López', 342),
(685, 'Constanza González', 343),
(686, 'Francisco Torres', 343),
(687, 'Joaquín Valdés', 344),
(688, 'Antonia Pérez', 344),
(689, 'Laura Soto', 345),
(690, 'Gabriel Rojas', 345),
(691, 'Camila Muñoz', 346),
(692, 'Felipe Díaz', 346);

-- --------------------------------------------------------

--
-- Table structure for table `comuna`
--

CREATE TABLE `comuna` (
  `ID_Comuna` int(11) NOT NULL,
  `Nombre` varchar(255) NOT NULL,
  `ID_Region` int(11) DEFAULT NULL
) ENGINE=InnoDB DEFAULT CHARSET=utf8mb4 COLLATE=utf8mb4_general_ci;

--
-- Dumping data for table `comuna`
--

INSERT INTO `comuna` (`ID_Comuna`, `Nombre`, `ID_Region`) VALUES
(1, 'Arica', 1),
(2, 'Camarones', 1),
(3, 'Putre', 1),
(4, 'General Lagos', 1),
(5, 'Iquique', 2),
(6, 'Alto Hospicio', 2),
(7, 'Pozo Almonte', 2),
(8, 'Camiña', 2),
(9, 'Colchane', 2),
(10, 'Huara', 2),
(11, 'Pica', 2),
(12, 'Antofagasta', 3),
(13, 'Mejillones', 3),
(14, 'Sierra Gorda', 3),
(15, 'Taltal', 3),
(16, 'Calama', 3),
(17, 'Ollagüe', 3),
(18, 'San Pedro de Atacama', 3),
(19, 'Tocopilla', 3),
(20, 'María Elena', 3),
(21, 'Copiapó', 4),
(22, 'Caldera', 4),
(23, 'Tierra Amarilla', 4),
(24, 'Chañaral', 4),
(25, 'Diego de Almagro', 4),
(26, 'Vallenar', 4),
(27, 'Alto del Carmen', 4),
(28, 'Freirina', 4),
(29, 'Huasco', 4),
(30, 'La Serena', 5),
(31, 'Coquimbo', 5),
(32, 'Andacollo', 5),
(33, 'La Higuera', 5),
(34, 'Paiguano', 5),
(35, 'Vicuña', 5),
(36, 'Illapel', 5),
(37, 'Canela', 5),
(38, 'Los Vilos', 5),
(39, 'Salamanca', 5),
(40, 'Ovalle', 5),
(41, 'Combarbalá', 5),
(42, 'Monte Patria', 5),
(43, 'Punitaqui', 5),
(44, 'Río Hurtado', 5),
(45, 'Valparaíso', 6),
(46, 'Casablanca', 6),
(47, 'Concón', 6),
(48, 'Juan Fernández', 6),
(49, 'Puchuncaví', 6),
(50, 'Quintero', 6),
(51, 'Viña del Mar', 6),
(52, 'Isla de Pascua', 6),
(53, 'Los Andes', 6),
(54, 'Calle Larga', 6),
(55, 'Rinconada', 6),
(56, 'San Esteban', 6),
(57, 'La Ligua', 6),
(58, 'Cabildo', 6),
(59, 'Papudo', 6),
(60, 'Petorca', 6),
(61, 'Zapallar', 6),
(62, 'Quillota', 6),
(63, 'Calera', 6),
(64, 'Hijuelas', 6),
(65, 'La Cruz', 6),
(66, 'Nogales', 6),
(67, 'San Antonio', 6),
(68, 'Algarrobo', 6),
(69, 'Cartagena', 6),
(70, 'El Quisco', 6),
(71, 'El Tabo', 6),
(72, 'Santo Domingo', 6),
(73, 'San Felipe', 6),
(74, 'Catemu', 6),
(75, 'Llaillay', 6),
(76, 'Panquehue', 6),
(77, 'Putaendo', 6),
(78, 'Santa María', 6),
(79, 'Quilpué', 6),
(80, 'Limache', 6),
(81, 'Olmué', 6),
(82, 'Villa Alemana', 6),
(83, 'Rancagua', 7),
(84, 'Codegua', 7),
(85, 'Coinco', 7),
(86, 'Coltauco', 7),
(87, 'Doñihue', 7),
(88, 'Graneros', 7),
(89, 'Las Cabras', 7),
(90, 'Machalí', 7),
(91, 'Malloa', 7),
(92, 'Mostazal', 7),
(93, 'Olivar', 7),
(94, 'Peumo', 7),
(95, 'Pichidegua', 7),
(96, 'Quinta de Tilcoco', 7),
(97, 'Rengo', 7),
(98, 'Requínoa', 7),
(99, 'San Vicente', 7),
(100, 'Pichilemu', 7),
(101, 'La Estrella', 7),
(102, 'Litueche', 7),
(103, 'Marchihue', 7),
(104, 'Navidad', 7),
(105, 'Paredones', 7),
(106, 'San Fernando', 7),
(107, 'Chépica', 7),
(108, 'Chimbarongo', 7),
(109, 'Lolol', 7),
(110, 'Nancagua', 7),
(111, 'Palmilla', 7),
(112, 'Peralillo', 7),
(113, 'Placilla', 7),
(114, 'Pumanque', 7),
(115, 'Santa Cruz', 7),
(116, 'Talca', 8),
(117, 'Constitución', 8),
(118, 'Curepto', 8),
(119, 'Empedrado', 8),
(120, 'Maule', 8),
(121, 'Pelarco', 8),
(122, 'Pencahue', 8),
(123, 'Río Claro', 8),
(124, 'San Clemente', 8),
(125, 'San Rafael', 8),
(126, 'Cauquenes', 8),
(127, 'Chanco', 8),
(128, 'Pelluhue', 8),
(129, 'Curicó', 8),
(130, 'Hualañé', 8),
(131, 'Licantén', 8),
(132, 'Molina', 8),
(133, 'Rauco', 8),
(134, 'Romeral', 8),
(135, 'Sagrada Familia', 8),
(136, 'Teno', 8),
(137, 'Vichuquén', 8),
(138, 'Linares', 8),
(139, 'Colbún', 8),
(140, 'Longaví', 8),
(141, 'Parral', 8),
(142, 'Retiro', 8),
(143, 'San Javier', 8),
(144, 'Villa Alegre', 8),
(145, 'Yerbas Buenas', 8),
(146, 'Cobquecura', 9),
(147, 'Coelemu', 9),
(148, 'Ninhue', 9),
(149, 'Portezuelo', 9),
(150, 'Quirihue', 9),
(151, 'Ránquil', 9),
(152, 'Treguaco', 9),
(153, 'Bulnes', 9),
(154, 'Chillán Viejo', 9),
(155, 'Chillán', 9),
(156, 'El Carmen', 9),
(157, 'Pemuco', 9),
(158, 'Pinto', 9),
(159, 'Quillón', 9),
(160, 'San Ignacio', 9),
(161, 'Yungay', 9),
(162, 'Coihueco', 9),
(163, 'Ñiquén', 9),
(164, 'San Carlos', 9),
(165, 'San Fabián', 9),
(166, 'San Nicolás', 9),
(167, 'Concepción', 10),
(168, 'Coronel', 10),
(169, 'Chiguayante', 10),
(170, 'Florida', 10),
(171, 'Hualqui', 10),
(172, 'Lota', 10),
(173, 'Penco', 10),
(174, 'San Pedro de la Paz', 10),
(175, 'Santa Juana', 10),
(176, 'Talcahuano', 10),
(177, 'Tomé', 10),
(178, 'Hualpén', 10),
(179, 'Lebu', 10),
(180, 'Arauco', 10),
(181, 'Cañete', 10),
(182, 'Contulmo', 10),
(183, 'Curanilahue', 10),
(184, 'Los Álamos', 10),
(185, 'Tirúa', 10),
(186, 'Los Ángeles', 10),
(187, 'Antuco', 10),
(188, 'Cabrero', 10),
(189, 'Laja', 10),
(190, 'Mulchén', 10),
(191, 'Nacimiento', 10),
(192, 'Negrete', 10),
(193, 'Quilaco', 10),
(194, 'Quilleco', 10),
(195, 'San Rosendo', 10),
(196, 'Santa Bárbara', 10),
(197, 'Tucapel', 10),
(198, 'Yumbel', 10),
(199, 'Alto Biobío', 10),
(200, 'Temuco', 11),
(201, 'Carahue', 11),
(202, 'Cunco', 11),
(203, 'Curarrehue', 11),
(204, 'Freire', 11),
(205, 'Galvarino', 11),
(206, 'Gorbea', 11),
(207, 'Lautaro', 11),
(208, 'Loncoche', 11),
(209, 'Melipeuco', 11),
(210, 'Nueva Imperial', 11),
(211, 'Padre las Casas', 11),
(212, 'Perquenco', 11),
(213, 'Pitrufquén', 11),
(214, 'Pucón', 11),
(215, 'Saavedra', 11),
(216, 'Teodoro Schmidt', 11),
(217, 'Toltén', 11),
(218, 'Vilcún', 11),
(219, 'Villarrica', 11),
(220, 'Cholchol', 11),
(221, 'Angol', 11),
(222, 'Collipulli', 11),
(223, 'Curacautín', 11),
(224, 'Ercilla', 11),
(225, 'Lonquimay', 11),
(226, 'Los Sauces', 11),
(227, 'Lumaco', 11),
(228, 'Purén', 11),
(229, 'Renaico', 11),
(230, 'Traiguén', 11),
(231, 'Victoria', 11),
(232, 'Valdivia', 12),
(233, 'Corral', 12),
(234, 'Lanco', 12),
(235, 'Los Lagos', 12),
(236, 'Máfil', 12),
(237, 'Mariquina', 12),
(238, 'Paillaco', 12),
(239, 'Panguipulli', 12),
(240, 'La Unión', 12),
(241, 'Futrono', 12),
(242, 'Lago Ranco', 12),
(243, 'Río Bueno', 12),
(244, 'Puerto Montt', 13),
(245, 'Calbuco', 13),
(246, 'Cochamó', 13),
(247, 'Fresia', 13),
(248, 'Frutillar', 13),
(249, 'Los Muermos', 13),
(250, 'Llanquihue', 13),
(251, 'Maullín', 13),
(252, 'Puerto Varas', 13),
(253, 'Castro', 13),
(254, 'Ancud', 13),
(255, 'Chonchi', 13),
(256, 'Curaco de Vélez', 13),
(257, 'Dalcahue', 13),
(258, 'Puqueldón', 13),
(259, 'Queilén', 13),
(260, 'Quellón', 13),
(261, 'Quemchi', 13),
(262, 'Quinchao', 13),
(263, 'Osorno', 13),
(264, 'Puerto Octay', 13),
(265, 'Purranque', 13),
(266, 'Puyehue', 13),
(267, 'Río Negro', 13),
(268, 'San Juan de la Costa', 13),
(269, 'San Pablo', 13),
(270, 'Chaitén', 13),
(271, 'Futaleufú', 13),
(272, 'Hualaihué', 13),
(273, 'Palena', 13),
(274, 'Coihaique', 14),
(275, 'Lago Verde', 14),
(276, 'Aisén', 14),
(277, 'Cisnes', 14),
(278, 'Guaitecas', 14),
(279, 'Cochrane', 14),
(280, 'O’Higgins', 14),
(281, 'Tortel', 14),
(282, 'Chile Chico', 14),
(283, 'Río Ibáñez', 14),
(284, 'Punta Arenas', 15),
(285, 'Laguna Blanca', 15),
(286, 'Río Verde', 15),
(287, 'San Gregorio', 15),
(288, 'Cabo de Hornos (Ex Navarino)', 15),
(289, 'Antártica', 15),
(290, 'Porvenir', 15),
(291, 'Primavera', 15),
(292, 'Timaukel', 15),
(293, 'Natales', 15),
(294, 'Torres del Paine', 15),
(295, 'Cerrillos', 16),
(296, 'Cerro Navia', 16),
(297, 'Conchalí', 16),
(298, 'El Bosque', 16),
(299, 'Estación Central', 16),
(300, 'Huechuraba', 16),
(301, 'Independencia', 16),
(302, 'La Cisterna', 16),
(303, 'La Florida', 16),
(304, 'La Granja', 16),
(305, 'La Pintana', 16),
(306, 'La Reina', 16),
(307, 'Las Condes', 16),
(308, 'Lo Barnechea', 16),
(309, 'Lo Espejo', 16),
(310, 'Lo Prado', 16),
(311, 'Macul', 16),
(312, 'Maipú', 16),
(313, 'Ñuñoa', 16),
(314, 'Pedro Aguirre Cerda', 16),
(315, 'Peñalolén', 16),
(316, 'Providencia', 16),
(317, 'Pudahuel', 16),
(318, 'Quilicura', 16),
(319, 'Quinta Normal', 16),
(320, 'Recoleta', 16),
(321, 'Renca', 16),
(322, 'Santiago', 16),
(323, 'San Joaquín', 16),
(324, 'San Miguel', 16),
(325, 'San Ramón', 16),
(326, 'Vitacura', 16),
(327, 'Puente Alto', 16),
(328, 'Pirque', 16),
(329, 'San José de Maipo', 16),
(330, 'Colina', 16),
(331, 'Lampa', 16),
(332, 'Tiltil', 16),
(333, 'San Bernardo', 16),
(334, 'Buin', 16),
(335, 'Calera de Tango', 16),
(336, 'Paine', 16),
(337, 'Melipilla', 16),
(338, 'Alhué', 16),
(339, 'Curacaví', 16),
(340, 'María Pinto', 16),
(341, 'San Pedro', 16),
(342, 'Talagante', 16),
(343, 'El Monte', 16),
(344, 'Isla de Maipo', 16),
(345, 'Padre Hurtado', 16),
(346, 'Peñaflor', 16);

-- --------------------------------------------------------

--
-- Table structure for table `region`
--

CREATE TABLE `region` (
  `ID_Region` int(11) NOT NULL,
  `Nombre` varchar(255) NOT NULL,
  `Numero` varchar(10) NOT NULL
) ENGINE=InnoDB DEFAULT CHARSET=utf8mb4 COLLATE=utf8mb4_general_ci;

--
-- Dumping data for table `region`
--

INSERT INTO `region` (`ID_Region`, `Nombre`, `Numero`) VALUES
(1, 'Arica y Parinacota', 'XV'),
(2, 'Tarapacá', 'I'),
(3, 'Antofagasta', 'II'),
(4, 'Atacama', 'III'),
(5, 'Coquimbo', 'IV'),
(6, 'Valparaíso', 'V'),
(7, 'Región del Libertador Gral. Bernardo O’Higgins', 'VI'),
(8, 'Región del Maule', 'VII'),
(9, 'Región de Ñuble', 'XVI'),
(10, 'Región del Biobío', 'VIII'),
(11, 'Región de la Araucanía', 'IX'),
(12, 'Región de Los Ríos', 'XIV'),
(13, 'Región de Los Lagos', 'X'),
(14, 'Región Aisén del Gral. Carlos Ibáñez del Campo', 'XI'),
(15, 'Región de Magallanes y de la Antártica Chilena', 'XII'),
(16, 'Región Metropolitana de Santiago', '');

-- --------------------------------------------------------

--
-- Table structure for table `voto`
--

CREATE TABLE `voto` (
  `Nombre` varchar(50) DEFAULT NULL,
  `Alias` varchar(50) DEFAULT NULL,
  `RUT` varchar(12) NOT NULL,
  `Email` varchar(100) DEFAULT NULL,
  `Región` varchar(50) DEFAULT NULL,
  `Comuna` varchar(50) DEFAULT NULL,
  `Candidato` varchar(50) DEFAULT NULL,
  `entero_web` tinyint(1) DEFAULT NULL,
  `entero_tv` tinyint(1) DEFAULT NULL,
  `entero_redes_sociales` tinyint(1) DEFAULT NULL,
  `entero_amigo` tinyint(1) DEFAULT NULL
) ENGINE=InnoDB DEFAULT CHARSET=utf8mb4 COLLATE=utf8mb4_general_ci;

--
-- Indexes for dumped tables
--

--
-- Indexes for table `candidato`
--
ALTER TABLE `candidato`
  ADD PRIMARY KEY (`ID_Candidato`),
  ADD KEY `ID_Comuna` (`ID_Comuna`);

--
-- Indexes for table `comuna`
--
ALTER TABLE `comuna`
  ADD PRIMARY KEY (`ID_Comuna`),
  ADD KEY `ID_Region` (`ID_Region`);

--
-- Indexes for table `region`
--
ALTER TABLE `region`
  ADD PRIMARY KEY (`ID_Region`);

--
-- Indexes for table `voto`
--
ALTER TABLE `voto`
  ADD PRIMARY KEY (`RUT`);

--
-- AUTO_INCREMENT for dumped tables
--

--
-- AUTO_INCREMENT for table `candidato`
--
ALTER TABLE `candidato`
  MODIFY `ID_Candidato` int(11) NOT NULL AUTO_INCREMENT, AUTO_INCREMENT=693;

--
-- AUTO_INCREMENT for table `comuna`
--
ALTER TABLE `comuna`
  MODIFY `ID_Comuna` int(11) NOT NULL AUTO_INCREMENT, AUTO_INCREMENT=347;

--
-- AUTO_INCREMENT for table `region`
--
ALTER TABLE `region`
  MODIFY `ID_Region` int(11) NOT NULL AUTO_INCREMENT, AUTO_INCREMENT=17;

--
-- Constraints for dumped tables
--

--
-- Constraints for table `candidato`
--
ALTER TABLE `candidato`
  ADD CONSTRAINT `candidato_ibfk_1` FOREIGN KEY (`ID_Comuna`) REFERENCES `comuna` (`ID_Comuna`);

--
-- Constraints for table `comuna`
--
ALTER TABLE `comuna`
  ADD CONSTRAINT `comuna_ibfk_1` FOREIGN KEY (`ID_Region`) REFERENCES `region` (`ID_Region`);
COMMIT;

/*!40101 SET CHARACTER_SET_CLIENT=@OLD_CHARACTER_SET_CLIENT */;
/*!40101 SET CHARACTER_SET_RESULTS=@OLD_CHARACTER_SET_RESULTS */;
/*!40101 SET COLLATION_CONNECTION=@OLD_COLLATION_CONNECTION */;
